Symbol,Name,Last Sale,Net Change,% Change,Market Cap,Country,IPO Year,Volume,Sector,Industry
AAMC,Altisource Asset Management Corp Com,$19.6399,0.4281,2.228%,40228780.00,United States,,1871,Finance,Real Estate
AAU,Almaden Minerals Ltd. Common Shares,$0.5016,-0.0084,-1.647%,68830258.00,Canada,2015,1635156,Basic Industries,Precious Metals
ACU,Acme United Corporation. Common Stock,$38.7501,0.0601,0.155%,129510972.00,United States,1988,6903,Capital Goods,Industrial Machinery/Components
ACY,AeroCentury Corp. Common Stock,$10.42,-0.42,-3.875%,16108111.00,United States,,1073545,Technology,Diversified Commercial Services
ADRA,Adara Acquisition Corp. Class A Common Stock,$9.75,0.02,0.206%,140156250.00,United States,2021,263502,Finance,Business Services
AE,Adams Resources & Energy Inc. Common Stock,$26.34,0.34,1.308%,111971735.00,United States,,5979,Energy,Oil Refining/Marketing
AEF,Aberdeen Emerging Markets Equity Income Fund Inc. Common Stock,$8.54,-0.025,-0.292%,433420184.00,United States,,47116,,
AGE,AgeX Therapeutics Inc. Common Stock,$1.57,-0.05,-3.086%,59558088.00,,2018,123095,Health Care,Major Pharmaceuticals
AIM,AIM ImmunoTech Inc. Common Stock,$2.16,0.00,0.00%,85730426.00,United States,,506791,Health Care,Biotechnology: Biological Products (No Diagnostic Substances)
AINC,Ashford Inc. (Holding Company) Common Stock,$8.95,-0.05,-0.556%,26936045.00,United States,2014,57414,Consumer Services,Professional Services
AIRI,Air Industries Group Common Stock,$1.30,-0.02,-1.515%,41600202.00,United States,,455066,Capital Goods,Military/Government/Technical
AMBO,Ambow Education Holding Ltd. American Depository Shares each representing two Class A ordinary shares,$1.82,-0.12,-6.186%,42251912.00,China,,272969,Consumer Services,Other Consumer Services
AMPE,Ampio Pharmaceuticals Inc.,$1.69,0.07,4.321%,330613226.00,United States,,1608101,Health Care,Major Pharmaceuticals
AMS,American Shared Hospital Services Common Stock,$2.47,-0.08,-3.137%,14229670.00,United States,,48599,Health Care,Medical Specialities
ANVS,Annovis Bio Inc. Common Stock,$24.13,-0.94,-3.75%,167628794.00,United States,2020,261311,Health Care,Major Pharmaceuticals
APT,Alpha Pro Tech Ltd. Common Stock,$9.60,0.27,2.894%,130528867.00,Canada,,258273,Health Care,Industrial Specialties
ARMP,Armata Pharmaceuticals Inc. Common Stock,$4.20,-0.11,-2.552%,104749856.00,United States,,6738,Health Care,Biotechnology: Biological Products (No Diagnostic Substances)
ASM,Avino Silver & Gold Mines Ltd. Common Shares (Canada),$1.22,0.00,0.00%,121750198.00,Canada,,1403553,Basic Industries,Precious Metals
ASXC,Asensus Surgical Inc. Common Stock,$2.10,0.04,1.942%,488437639.00,United States,,12498723,Health Care,Medical/Dental Instruments
ATNM,Actinium Pharmaceuticals Inc. (Delaware) Common Stock,$7.58,-0.18,-2.32%,145881936.00,United States,,460444,Health Care,Major Pharmaceuticals
AUMN,Golden Minerals Company Common Stock,$0.6813,-0.0049,-0.714%,110690547.00,United States,,614391,Basic Industries,Precious Metals
AWX,Avalon Holdings Corporation Common Stock,$3.72,-0.2143,-5.447%,14505883.00,United States,,64254,Public Utilities,Environmental Services
AXU,Alexco Resource Corp Common Shares (Canada),$2.66,0.04,1.527%,377536923.00,Canada,,517035,Basic Industries,Precious Metals
BATL,Battalion Oil Corporation Common Stock,$11.5578,-0.2296,-1.948%,188012547.00,,,3067,Energy,Oil & Gas Production
BCV,Bancroft Fund Ltd.,$30.60,0.175,0.575%,168844252.00,United States,,11727,,
BCV^A,Bancroft Fund Limited 5.375% Series A Cumulative Preferred Shares,$25.65,-0.03,-0.117%,,United States,,6293,,
BDL,Flanigan's Enterprises Inc. Common Stock,$25.40,-0.0231,-0.091%,47209634.00,United States,,508,Consumer Services,Restaurants
BDR,Blonder Tongue Laboratories Inc. Common Stock,$1.21,-0.05,-3.968%,14367594.00,United States,,194888,Technology,Radio And Television Broadcasting And Communications Equipment
BGI,Birks Group Inc. Common Stock,$2.24,0.09,4.186%,40254773.00,Canada,,2308606,Consumer Services,Consumer Specialties
BHB,Bar Harbor Bankshares Inc. Common Stock,$30.57,-0.73,-2.332%,456871615.00,United States,,29605,Finance,Major Banks
BIOX,Bioceres Crop Solutions Corp. Ordinary Shares,$13.11,-0.23,-1.724%,528671592.00,,2018,162810,Basic Industries,Agricultural Chemicals
BKTI,BK Technologies Corporation Common Stock,$4.51,-0.13,-2.802%,56428967.00,United States,,6618,Technology,Radio And Television Broadcasting And Communications Equipment
BMTX,BM Technologies Inc. Common Stock,$11.26,-0.05,-0.442%,137375401.00,,2018,25618,Finance,Major Banks
BRBS,Blue Ridge Bankshares Inc. Common Stock,$22.29,-0.06,-0.268%,276660471.00,,,21946,Finance,Major Banks
BRG,Bluerock Residential Growth REIT Inc. Class A Common Stock,$9.84,0.14,1.443%,226098895.00,,2014,296589,Consumer Services,Real Estate Investment Trusts
BRG^C,Bluerock Residential Growth REIT Inc. 7.625% Series C Cumulative Redeemable Preferred Stock,$25.63,-0.01,-0.039%,,,,700,,
BRG^D,Bluerock Residential Growth REIT Inc. 7.125% Series D Cumulative Preferred Stock ($0.01 par value per share),$25.54,-0.11,-0.429%,,,,2917,,
BRN,Barnwell Industries Inc. Common Stock,$2.50,0.05,2.041%,20692900.00,United States,,141425,Energy,Oil & Gas Production
BTG,B2Gold Corp Common shares (Canada),$4.79,0.11,2.35%,5038130747.00,Canada,,4734964,Basic Industries,Precious Metals
BTN,Ballantyne Strong Inc. Common Stock,$4.04,0.80,24.691%,73938238.00,United States,,15983205,Miscellaneous,Industrial Machinery/Components
BTX,Brooklyn ImmunoTherapeutics Inc. Common Stock,$5.94,-1.97,-24.905%,246594146.00,United States,,767573,,
BWL/A,Bowl America Inc.,$10.15,-0.105,-1.024%,,United States,,608,,
CANF,Can-Fite Biopharma Ltd Sponsored ADR (Israel),$2.29,-0.01,-0.435%,39368633.00,Israel,,173500,Health Care,Major Pharmaceuticals
CCF,Chase Corporation Common Stock,$114.12,-3.25,-2.769%,1078022141.00,United States,,8377,Consumer Durables,Building Products
CDOR,Condor Hospitality Trust Inc. Common Stock,$3.70,0.02,0.543%,44474522.00,United States,,38526,Consumer Services,Real Estate Investment Trusts
CEI,Camber Energy Inc. Common Stock,$0.792,-0.0368,-4.44%,28032950.00,United States,,2448422,Energy,Oil & Gas Production
CET,Central Securities Corporation Common Stock,$39.00,-0.0488,-0.125%,1023375717.00,United States,,6795,,
CEV,Eaton Vance California Municipal Income Trust Shares of Beneficial Interest,$13.49,0.03,0.223%,96231927.00,United States,1999,20919,,
CHAQ,Chardan Healthcare Acquisition 2 Corp. Common Stock,$10.15,-0.005,-0.049%,109399796.00,,2020,10898,Finance,Business Services
CHFW,Consonance-HFW Acquisition Corp. Class A Ordinary Shares,$9.90,-0.24,-2.367%,119136600.00,,2021,3435,,
CIK,Credit Suisse Asset Management Income Fund Inc. Common Stock,$3.42,0.01,0.293%,178882857.00,United States,,730103,,
CIX,CompX International Inc. Common Stock,$20.74,0.28,1.369%,258236996.00,United States,1998,15181,Capital Goods,Industrial Machinery/Components
CKX,CKX Lands Inc. Common Stock,$12.95,0.02,0.155%,25155310.00,United States,,649,Energy,Oil & Gas Production
CLM,Cornerstone Strategic Value Fund Inc. New Common Stock,$13.62,-0.05,-0.366%,1057898565.00,United States,1987,1826465,,
CMCL,Caledonia Mining Corporation Plc Common Shares,$14.05,0.60,4.461%,170269463.00,Canada,,135128,Basic Industries,Precious Metals
CMT,Core Molding Technologies Inc Common Stock,$11.89,0.03,0.253%,100780199.00,United States,,53070,Consumer Non-Durables,Plastic Products
COHN,Cohen & Company Inc.,$30.47,-0.55,-1.773%,40494843.00,United States,,4097,Finance,Investment Bankers/Brokers/Service
CPHI,China Pharma Holdings Inc. Common Stock,$0.8464,0.0234,2.843%,38578537.00,China,,500583,Health Care,Major Pharmaceuticals
CQP,Cheniere Energy Partners LP Cheniere Energy Partners LP Common Units,$41.57,0.15,0.362%,20120758083.00,United States,2007,94209,Public Utilities,Oil/Gas Transmission
CRF,Cornerstone Total Return Fund Inc. (The) Common Stock,$13.42,-0.12,-0.886%,550805219.00,United States,,957827,,
CRHM,CRH Medical Corporation Common Shares of Beneficial Interest,$3.98,0.01,0.252%,285049379.00,,2015,164166,Health Care,Medical/Nursing Services
CTEK,CynergisTek Inc. Common Stock,$1.96,0.04,2.083%,23756568.00,United States,2017,16914,Miscellaneous,Business Services
CVM,Cel-Sci Corporation Common Stock,$15.74,-0.41,-2.539%,637930836.00,United States,,1075575,Health Care,Biotechnology: Biological Products (No Diagnostic Substances)
CVR,Chicago Rivet & Machine Co. Common Stock,$24.01,-0.39,-1.598%,23196829.00,United States,,11686,Technology,Industrial Machinery/Components
CVU,CPI Aerostructures Inc. Common Stock,$4.58,-0.13,-2.76%,54736821.00,United States,,77150,Capital Goods,Military/Government/Technical
DHY,Credit Suisse High Yield Bond Fund Common Stock,$2.42,0.03,1.255%,250487913.00,United States,1998,1991927,,
DIT,AMCON Distributing Company Common Stock,$117.53,-2.41,-2.009%,64802399.00,United States,,479,Consumer Non-Durables,Food Distributors
DLA,Delta Apparel Inc. Common Stock,$27.69,-0.79,-2.774%,193128335.00,United States,,11788,Consumer Non-Durables,Apparel
DMF,BNY Mellon Municipal Income Inc. Common Stock,$8.91,0.01,0.112%,184889610.00,United States,1988,23607,,
DNN,Denison Mines Corp Ordinary Shares (Canada),$1.07,-0.02,-1.835%,854423373.00,Canada,,9391780,Basic Industries,Precious Metals
DPW,Ault Global Holdings Inc. Common Stock,$2.93,-0.05,-1.678%,144494304.00,United States,,3239325,Capital Goods,Industrial Machinery/Components
DSS,Document Security Systems Inc. Common Stock,$3.15,-0.13,-3.963%,87160894.00,United States,,1616997,Consumer Durables,Containers/Packaging
DXF,Dunxin Financial Holdings Limited American Depositary Shares,$1.39,-0.01,-0.714%,29016068.00,China,,417543,Finance,Finance: Consumer Services
DXR,Daxor Corporation Common Stock,$10.875,0.105,0.975%,43868412.00,United States,,18856,Health Care,Medical/Dental Instruments
EAD,Wells Fargo Income Opportunities Fund Common Shares,$8.57,0.01,0.117%,519223854.00,United States,2003,344229,,
ECF,Ellsworth Growth and Income Fund Ltd.,$13.98,0.11,0.793%,188722423.00,United States,1986,33993,,
ECF^A,Ellsworth Growth and Income Fund Ltd. 5.25% Series A Cumulative Preferred Shares (Liquidation Preference $25.00 per share),$25.8774,-0.0226,-0.087%,,United States,,3584,,
EIM,Eaton Vance Municipal Bond Fund Common Shares of Beneficial Interest $.01 par value,$13.39,-0.02,-0.149%,963453134.00,United States,2002,88472,,
ELA,Envela Corporation Common Stock,$4.56,0.06,1.333%,122775177.00,United States,,37756,Consumer Services,Consumer Specialties
ELLO,Ellomay Capital Ltd Ordinary Shares (Israel),$30.00,-1.87,-5.868%,385182810.00,Israel,,75753,Public Utilities,Electric Utilities: Central
ELMD,Electromed Inc. Common Stock,$10.09,0.04,0.398%,87127604.00,United States,2011,35618,Health Care,Biotechnology: Electromedical & Electrotherapeutic Apparatus
EMAN,eMagin Corporation Common Stock,$3.26,-0.07,-2.102%,231848537.00,United States,,705155,Technology,Semiconductors
EMX,EMX Royalty Corporation Common Shares (Canada),$3.11,-0.02,-0.639%,264334133.00,Canada,,109666,Basic Industries,Precious Metals
ENSV,Enservco Corporation Common Stock,$1.46,-0.16,-9.877%,16451201.00,United States,,535655,Energy,Oilfield Services/Equipment
ENX,Eaton Vance New York Municipal Bond Fund Common Shares of Beneficial Interest $.01 par value,$12.3664,0.0464,0.377%,224058071.00,United States,2002,39168,,
EPM,Evolution Petroleum Corporation Inc. Common Stock,$3.20,0.03,0.946%,107169760.00,United States,,97976,Energy,Oil & Gas Production
EQX,Equinox Gold Corp. Common Shares,$8.87,0.38,4.476%,2637384317.00,Canada,,1664287,Basic Industries,Precious Metals
ERC,Wells Fargo Multi-Sector Income Fund Common Stock no par value,$12.47,0.06,0.483%,350807137.00,United States,2003,49102,,
ERH,Wells Fargo Utilities and High Income Fund,$13.40,-0.089,-0.66%,124285871.00,,2004,15930,,
ESP,Espey Mfg. & Electronics Corp. Common Stock,$16.10,-0.11,-0.679%,43512391.00,United States,,2229,Capital Goods,Industrial Machinery/Components
EVBN,Evans Bancorp Inc. Common Stock,$34.49,0.62,1.831%,187245969.00,United States,,23755,Finance,Major Banks
EVI,EVI Industries Inc.  Common Stock,$28.24,0.48,1.729%,345979225.00,United States,,3248,Consumer Services,Other Consumer Services
EVM,Eaton Vance California Municipal Bond Fund Common Shares of Beneficial Interest $.01 par value,$11.67,-0.02,-0.171%,291683936.00,United States,2002,88864,,
EVV,Eaton Vance Limited Duration Income Fund Common Shares of Beneficial Interest,$12.61,0.02,0.159%,1464613897.00,United States,2003,253472,,
EVY,Eaton Vance New York Municipal Income Trust Shares of Beneficial Interest,$14.68,0.235,1.627%,79298835.00,United States,1999,31705,,
EXN,Excellon Resources Inc. Common Shares,$2.8008,0.1008,3.733%,90667817.00,,2020,36601,Basic Industries,Precious Metals
FAX,Aberdeen Asia-Pacific Income Fund Inc Common Stock,$4.27,0.06,1.425%,1057660929.00,United States,1986,760102,,
FCO,Aberdeen Global Income Fund Inc. Common Stock,$8.475,0.005,0.059%,74040244.00,United States,1992,16901,,
FEN,First Trust Energy Income and Growth Fund,$13.69,-0.05,-0.364%,266209853.00,United States,2004,91404,,
FRD,Friedman Industries Inc. Common Stock,$8.14,-0.15,-1.809%,56213611.00,United States,,12764,Capital Goods,Steel/Iron Ore
FSI,Flexible Solutions International Inc. Common Stock (CDA),$3.43,0.04,1.18%,42232029.00,Canada,,28252,Basic Industries,Major Chemicals
FSP,Franklin Street Properties Corp. Common Stock,$5.61,0.05,0.899%,602111196.00,United States,,274844,Consumer Services,Real Estate Investment Trusts
FTF,Franklin Limited Duration Income Trust Common Shares of Beneficial Interest,$9.17,0.01,0.109%,276373117.00,United States,2003,104087,,
FTSI,FTS International Inc. Class A Common Stock,$23.04,-0.56,-2.373%,322328909.00,United States,2020,35620,Energy,Oilfield Services/Equipment
FURY,Fury Gold Mines Limited Common Shares,$1.21,-0.02,-1.626%,142579927.00,,2020,127882,Basic Industries,Precious Metals
GAU,Galiano Gold Inc.,$1.14,0.00,0.00%,256002073.00,Canada,,1064680,Basic Industries,Mining & Quarrying of Nonmetallic Minerals (No Fuels)
GBR,New Concept Energy Inc Common Stock,$4.62,-0.22,-4.545%,23709535.00,United States,,238820,Energy,Oil & Gas Production
GDP,Goodrich Petroleum Corporation Common Stock,$9.98,0.47,4.942%,133754864.00,United States,2017,71047,Energy,Oil & Gas Production
GGN,GAMCO Global Gold Natural Resources & Income Trust,$3.64,0.02,0.552%,601753447.00,United States,2005,523865,,
GGN^B,GAMCO Global Gold Natural Reources & Income Trust 5.00% Series B Cumulative 25.00 Liquidation Preference,$25.378,0.00,0.00%,,United States,,63,,
GGO,The Gabelli Go Anywhere Trust Common Shares of Beneficial Interest,$14.40,-0.59,-3.936%,22276109.00,,2016,300,,
GLDG,GoldMining Inc. Common Shares,$1.54,-0.06,-3.75%,230247525.00,,,534409,Basic Industries,Precious Metals
GLO,Clough Global Opportunities Fund Common Stock,$12.97,-0.04,-0.307%,417950624.00,United States,2006,182837,,
GLQ,Clough Global Equity Fund Clough Global Equity Fund Common Shares of Beneficial Interest,$15.8758,0.0158,0.10%,210049995.00,United States,2005,80587,,
GLU,Gabelli Global Utility Common Shares of Beneficial Ownership,$19.98,0.0079,0.04%,107364088.00,United States,2004,9379,,
GLU^A,The Gabelli Global Utility and Income Trust Series A Cumulative Puttable and Callable Preferred Shares,$44.63,0.00,0.00%,,United States,,10,,
GLU^B,The Gabelli Global Utility and Income Trust Series B Cumulative Puttable and Callable Preferred Shares,$52.00,0.00,0.00%,,United States,,100,,
GLV,Clough Global Dividend and Income Fund Common Shares of beneficial interest,$12.2195,-0.0105,-0.086%,102738183.00,United States,2004,45913,,
GOED,1847 Goedeker Inc. Commom Stock,$7.21,-0.59,-7.564%,44061752.00,United States,2020,76087,Consumer Services,Home Furnishings
GORO,Gold Resource Corporation Common Stock,$2.81,0.02,0.717%,209174166.00,United States,,539474,Basic Industries,Precious Metals
GPL,Great Panther Mining Limited Ordinary Shares (Canada),$0.8069,0.0073,0.913%,286506316.00,Canada,,940905,Basic Industries,Precious Metals
GRF,Eagle Capital Growth Fund Inc. Common Stock,$8.45,0.05,0.595%,34428012.00,United States,,3003,,
GROY,Gold Royalty Corp. Common Shares,$4.63,0.13,2.889%,189019750.00,,2021,93763,Basic Industries,Precious Metals
GSAT,Globalstar Inc. Common Stock,$1.11,-0.12,-9.756%,1867172638.00,United States,2006,15701322,Consumer Services,Telecommunications Equipment
GSS,Golden Star Resources Ltd Common Stock,$3.22,0.07,2.222%,358429776.00,United States,,596924,Basic Industries,Precious Metals
GSV,Gold Standard Ventures Corporation Common Stock (Canada),$0.5527,-0.0043,-0.772%,197577099.00,Canada,,1542227,Basic Industries,Mining & Quarrying of Nonmetallic Minerals (No Fuels)
GTE,Gran Tierra Energy Inc. Common Stock,$0.6472,-0.009,-1.372%,237510463.00,Canada,,5944640,Energy,Oil & Gas Production
HLM^,Hillman Group Capital Trust Preferred Stock,$26.10,0.22,0.85%,,United States,,14573,,
HMG,HMG/Courtland Properties Inc. Common Stock,$11.7832,0.00,0.00%,11868605.00,United States,,94,Consumer Services,Real Estate Investment Trusts
HNW,Pioneer Diversified High Income Trust Pioneer Diversified High Income Trust Common Shares of Beneficial Interest,$14.95,0.06,0.403%,124575211.00,United States,2007,26132,,
HUSA,Houston American Energy Corporation Common Stock,$1.64,-0.08,-4.651%,16274274.00,United States,,454344,Energy,Oil & Gas Production
HWM^,Howmet Aerospace Inc. $3.75 Preferred Stock,$79.90,-2.05,-2.502%,,United States,,1094,,
IAF,Aberdeen Australia Equity Fund Inc Common Stock,$6.02,0.04,0.669%,140290628.00,United States,,109671,,
IBIO,iBio Inc. Common Stock,$1.46,0.09,6.569%,315374499.00,United States,,3096550,Health Care,Major Pharmaceuticals
ID,PARTS iD Inc. Class A Common Stock,$7.83,-0.17,-2.125%,257399168.00,United States,2017,33495,Technology,Advertising
IGC,India Globalization Capital Inc. Common Stock,$1.60,-0.02,-1.235%,72586117.00,United States,,1469549,Technology,Electronic Components
IHT,InnSuites Hospitality Trust Shares of Beneficial Interest,$2.26,-0.16,-6.612%,20483542.00,United States,,11193,Consumer Services,Real Estate Investment Trusts
IMH,Impac Mortgage Holdings Inc. Common Stock ,$1.95,0.02,1.036%,41588984.00,United States,1997,108970,Consumer Services,Real Estate Investment Trusts
IMO,Imperial Oil Limited Common Stock,$25.27,-0.17,-0.668%,18550119599.00,Canada,,542729,Energy,Integrated oil Companies
INDO,Indonesia Energy Corporation Limited Ordinary Shares,$5.89,-0.31,-5.00%,43632855.00,,2019,8722,Energy,Oil & Gas Production
INFU,InfuSystems Holdings Inc. Common Stock,$21.63,0.08,0.371%,440340296.00,United States,,42748,Health Care,Medical/Dental Instruments
INS,Intelligent Systems Corporation Common Stock,$40.35,-0.04,-0.099%,360280510.00,United States,1992,24995,Technology,Computer Software: Prepackaged Software
INTT,inTest Corporation Common Stock,$10.36,-0.06,-0.576%,110883660.00,United States,1997,55273,Capital Goods,Electrical Products
INUV,Inuvo Inc.,$0.848,-0.051,-5.673%,100501741.00,United States,,2482779,Consumer Services,Advertising
IOR,Income Opportunity Realty Investors Inc. Common Stock,$11.85,0.00,0.00%,49395706.00,United States,,51,Consumer Services,Real Estate Investment Trusts
ISDR,Issuer Direct Corporation Common Stock,$23.74,-0.27,-1.125%,89523587.00,United States,,17818,Miscellaneous,Publishing
ISR,IsoRay Inc. Common Stock (DE),$1.04,0.03,2.97%,146847847.00,United States,,1869190,Health Care,Medical/Dental Instruments
ITP,IT Tech Packaging Inc. Common Stock,$0.5537,-0.0197,-3.436%,62909917.00,China,,3249670,Consumer Durables,Containers/Packaging
ITRG,Integra Resources Corp. Common Shares,$3.14,0.15,5.017%,172062297.00,,,31738,Basic Industries,Precious Metals
JOB,GEE Group Inc. Common Stock,$1.07,-0.10,-8.547%,18903822.00,United States,,530496,Technology,Diversified Commercial Services
KIQ,Kelso Technologies Inc Ordinary Shares,$0.8101,-0.0131,-1.591%,43883187.00,Canada,,784459,Capital Goods,Railroads
KLR,Kaleyra Inc. Common Stock,$14.80,0.35,2.422%,448272568.00,United States,2018,251614,Technology,EDP Services
LCTX,Lineage Cell Therapeutics Inc. Common Stock,$2.44,0.03,1.245%,365954487.00,United States,,584544,Health Care,Biotechnology: Biological Products (No Diagnostic Substances)
LEU,Centrus Energy Corp. Class A Common Stock,$23.90,0.65,2.796%,319779036.00,United States,2014,64743,Basic Industries,Mining & Quarrying of Nonmetallic Minerals (No Fuels)
LGL,LGL Group Inc. (The) Common Stock,$10.8199,-0.2401,-2.171%,57648059.00,United States,,7375,Capital Goods,Industrial Machinery/Components
LNG,Cheniere Energy Inc. Common Stock,$72.50,0.30,0.416%,18380858663.00,United States,,865902,Public Utilities,Oil/Gas Transmission
LODE,Comstock Mining Inc. Common Stock,$4.50,0.01,0.223%,191049818.00,United States,,694349,Basic Industries,Precious Metals
LOV,Spark Networks Inc. American Depositary Shares (each representing one-tenth of an Ordinary Share),$7.09,-0.10,-1.391%,184743350.00,United States,2017,82930,Consumer Services,Other Consumer Services
LSF,Laird Superfood Inc. Common Stock,$38.21,-0.66,-1.698%,339891400.00,,2020,16555,Consumer Non-Durables,Packaged Foods
LXFR,Luxfer Holdings PLC Ordinary Shares,$20.16,-0.57,-2.75%,557144844.00,United Kingdom,2012,33571,Basic Industries,Major Chemicals
MAG,MAG Silver Corporation Ordinary Shares,$17.02,0.25,1.491%,1612530660.00,Canada,,472094,Basic Industries,Precious Metals
MCF,Contango Oil & Gas Company Common Stock (TX),$3.63,0.07,1.966%,722903537.00,United States,,433204,Energy,Oil & Gas Production
MHH,Mastech Digital Inc Common Stock,$17.22,-0.06,-0.347%,196617151.00,United States,,15753,Consumer Services,Professional Services
MLSS,Milestone Scientific Inc. Common Stock,$3.08,-0.04,-1.282%,205000334.00,United States,2015,633426,Health Care,Industrial Specialties
MMX,Maverix Metals Inc. Common Shares,$5.43,-0.22,-3.894%,765672419.00,,,88490,Basic Industries,Precious Metals
MSN,Emerson Radio Corporation Common Stock,$1.25,0.01,0.806%,26303315.00,United States,,66298,Consumer Non-Durables,Consumer Electronics/Appliances
MTA,Metalla Royalty & Streaming Ltd. Common Shares,$8.83,0.08,0.914%,368501339.00,,,101900,Basic Industries,Precious Metals
MTNB,Matinas Biopharma Holdings Inc. Common Stock,$0.9712,-0.0388,-3.842%,198393251.00,United States,2017,910738,Health Care,Major Pharmaceuticals
MXC,Mexco Energy Corporation Common Stock,$7.52,-0.54,-6.70%,15578928.00,United States,,7950,Energy,Oil & Gas Production
MYO,Myomo Inc. Common Stock,$10.94,-0.71,-6.094%,61076598.00,United States,2017,71290,Health Care,Industrial Specialties
NAK,Northern Dynasty Minerals Ltd. Common Stock,$0.60,-0.001,-0.166%,307674119.00,Canada,,6807546,Basic Industries,Precious Metals
NAVB,Navidea Biopharmaceuticals Inc. Common Stock,$1.69,-0.05,-2.874%,48278734.00,United States,,120972,Health Care,Biotechnology: In Vitro & In Vivo Diagnostic Substances
NBA,New Beginnings Acquisition Corp. Common Stock,$10.05,-0.05,-0.495%,149946000.00,,2020,654590,Finance,Business Services
NBH,Neuberger Berman Municipal Fund Inc. Common Stock,$15.94,0.11,0.695%,299960450.00,United States,2002,11010,,
NBO,Neuberger Berman New York Municipal Fund Inc. Common Stock,$12.64,0.09,0.717%,64178551.00,United States,2002,14418,,
NBW,Neuberger Berman California Municipal Fund Inc Common Stock,$13.85,0.05,0.362%,76881959.00,United States,2002,9341,,
NBY,NovaBay Pharmaceuticals Inc. Common Stock,$0.8215,-0.0165,-1.969%,34324393.00,United States,2007,846427,Health Care,Major Pharmaceuticals
NEN,New England Realty Associates Limited Partnership Class A Depositary Receipts Evidencing Units of Limited Partnership,$56.00,0.00,0.00%,204550976.00,United States,,194,Consumer Services,Building operators
NES,Nuverra Environmental Solutions Inc. Common Stock,$2.19,0.05,2.336%,35045418.00,United States,2017,17230,Energy,Oilfield Services/Equipment
NG,Novagold Resources Inc.,$9.44,0.34,3.736%,3127766377.00,Canada,,725035,Basic Industries,Precious Metals
NGD,New Gold Inc.,$1.81,-0.01,-0.549%,1225150623.00,Canada,,4122231,Basic Industries,Precious Metals
NHC,National HealthCare Corporation Common Stock,$72.04,-0.89,-1.22%,1107923691.00,United States,,38547,Health Care,Hospital/Nursing Management
NHS,Neuberger Berman High Yield Strategies Fund,$13.05,0.13,1.006%,255004634.00,United States,,67873,,
NML,Neuberger Berman MLP and Energy Income Fund Inc. Common Stock,$4.27,0.04,0.946%,241933623.00,,2013,208231,,
NNVC,NanoViricides Inc. Common Stock,$4.61,0.26,5.977%,49220970.00,United States,,100908,Health Care,Major Pharmaceuticals
NOG,Northern Oil and Gas Inc. Common Stock,$12.25,0.37,3.114%,739428951.00,United States,,526593,,
NRO,Neuberger Berman Real Estate Securities Income Fund Inc. Neuberger Berman Real Estate Securities Income Fund Inc.,$4.69,0.05,1.078%,222401681.00,United States,2003,194328,,
NSPR,InspireMD Inc. Common Stock,$0.5517,-0.0269,-4.649%,65008039.00,Israel,,2997307,Health Care,Medical/Dental Instruments
NTIP,Network-1 Technologies Inc. Common Stock,$3.31,0.01,0.303%,79827697.00,United States,,7097,Miscellaneous,Multi-Sector Companies
NXE,Nexgen Energy Ltd. Common Shares,$3.76,-0.05,-1.312%,1764695535.00,,,1001397,Basic Industries,Precious Metals
OGEN,Oragenics Inc. Common Stock,$0.7639,-0.0161,-2.064%,83758670.00,United States,,2681204,Health Care,Major Pharmaceuticals
ORLA,Orla Mining Ltd. Common Shares,$3.77,-0.02,-0.528%,864408220.00,,2020,260038,Basic Industries,Precious Metals
PCG^A,Pacific Gas & Electric Co. 6% Preferred Stock,$29.66,-0.02,-0.067%,,United States,,1451,,
PCG^B,Pacific Gas & Electric Co. 5 1/2% Preferred Stock,$26.53,0.00,0.00%,,United States,,68,,
PCG^C,Pacific Gas & Electric Co. 5% 1st Preferred Stock,$24.70,0.06,0.244%,,United States,,1560,,
PCG^D,Pacific Gas & Electric Co. 5% 1st  Red. Preferred Stock,$24.27,0.00,0.00%,,United States,,33,,
PCG^E,Pacific Gas & Electric Co. 5% 1st A Preferred Stock,$24.85,-0.03,-0.121%,,United States,,588,,
PCG^G,Pacific Gas & Electric Co. 4.80% 1st Preferred Stock,$23.94,0.37,1.57%,,United States,,298,,
PCG^H,Pacific Gas & Electric Co. 4.50% 1st Preferred Stock,$22.66,-0.14,-0.614%,,United States,,410,,
PCG^I,Pacific Gas & Electric Co. 4.36% 1st Preferred Stock,$22.43,-1.13,-4.796%,,United States,,270,,
PED,Pedevco Corp. Common Stock,$1.28,-0.07,-5.185%,101685252.00,United States,,304680,Energy,Oil & Gas Production
PHGE,BiomX Inc. COmmon Stock,$6.26,0.04,0.643%,151780023.00,,2019,17413,Health Care,Biotechnology: Biological Products (No Diagnostic Substances)
PLAG,Planet Green Holdings Corp. Common Stock,$2.08,-0.03,-1.422%,41620654.00,China,,19797,Consumer Non-Durables,Packaged Foods
PLG,Platinum Group Metals Ltd. Ordinary Shares (Canada),$4.00,0.00,0.00%,295318508.00,Canada,,271849,Basic Industries,Precious Metals
PLM,Polymet Mining Corporation Ordinary Shares (Canada),$3.13,0.05,1.623%,315296725.00,Canada,,200316,Basic Industries,Precious Metals
PLX,Protalix BioTherapeutics Inc. (DE) Common Stock,$5.69,0.39,7.358%,258228308.00,Israel,,915416,Health Care,Biotechnology: Biological Products (No Diagnostic Substances)
PLYM^A,Plymouth Industrial REIT Inc. 7.50% Series A Cumulative Redeemable Preferred Stock,$26.25,-0.05,-0.19%,,United States,,7376,,
PRK,Park National Corporation Common Stock,$126.97,-3.78,-2.891%,2071330174.00,United States,,38126,Finance,Major Banks
PTK,PTK Acquisition Corp. Common Stock,$10.10,0.15,1.508%,145187500.00,United States,2020,234215,Finance,Business Services
PTN,Palatin Technologies Inc. Common Stock,$0.5903,-0.0037,-0.623%,135789251.00,United States,,1429248,Health Care,Major Pharmaceuticals
PW,Power REIT (MD) Common Stock,$46.77,-1.33,-2.765%,154305127.00,United States,,13339,Consumer Services,Real Estate Investment Trusts
PW^A,Power REIT 7.75% Series A Cumulative Perpetual Preferred Stock,$26.2624,-0.2172,-0.82%,,United States,,177,,
PZG,Paramount Gold Nevada Corp. Common Stock,$1.03,0.02,1.98%,37313342.00,United States,2015,130055,Basic Industries,Precious Metals
RCG,RENN Fund Inc Common Stock,$2.60,0.02,0.775%,15475086.00,United States,,13705,,
REI,Ring Energy Inc. Common Stock,$2.11,-0.08,-3.653%,209273149.00,United States,,3221339,Energy,Oil & Gas Production
REPX,Riley Exploration Permian Inc. Common Stock,$27.7393,-1.7607,-5.968%,494049970.00,United States,,29449,Energy,Oil & Gas Production
RHE,Regional Health Properties Inc. Common Stock,$4.81,-0.27,-5.315%,8120333.00,,2017,163827,Consumer Services,Real Estate
RHE^A,Regional Health Properties Inc. 10.875% Series A Cumulative Redeemable Preferred Stock,$2.87,-0.0171,-0.592%,,,,835,,
RLGT,Radiant Logistics Inc. Common Stock,$6.97,-0.11,-1.554%,348273747.00,United States,,119085,Transportation,Oil Refining/Marketing
RMED,Ra Medical Systems Inc. Common Stock,$4.01,-0.25,-5.869%,13069953.00,,2018,324215,Health Care,Medical/Dental Instruments
RVP,Retractable Technologies Inc. Common Stock,$11.00,0.55,5.263%,373808644.00,United States,,441607,Health Care,Medical/Dental Instruments
SACC,Sachem Capital Corp. 6.875% Notes due 2024,$25.192,0.025,0.099%,0.00,United States,2019,4719,Consumer Services,Real Estate Investment Trusts
SACH,Sachem Capital Corp. Common Shares,$5.09,-0.17,-3.232%,113549089.00,United States,2017,457930,Consumer Services,Real Estate Investment Trusts
SCCB,Sachem Capital Corp. 7.125% Notes due 2024,$25.57,0.07,0.275%,0.00,United States,2019,2517,Consumer Services,Real Estate Investment Trusts
SCCC,Sachem Capital Corp. 7.75% Notes due 2025,$25.7511,0.0892,0.348%,0.00,United States,2020,366,Consumer Services,Real Estate Investment Trusts
SDPI,Superior Drilling Products Inc. Common Stock,$0.8376,-0.0174,-2.035%,21578538.00,,2014,281063,Energy,Metal Fabrications
SEB,Seaboard Corporation Common Stock,$3764.49,-35.50,-0.934%,4369740938.00,United States,1996,785,Consumer Services,Farming/Seeds/Milling
SENS,Senseonics Holdings Inc. Common Stock,$2.12,-0.04,-1.852%,801112526.00,United States,,20441414,Capital Goods,Industrial Machinery/Components
SIF,SIFCO Industries Inc. Common Stock,$13.65,0.79,6.143%,81343476.00,United States,,20931,Capital Goods,Aerospace
SILV,SilverCrest Metals Inc. Common Shares,$8.71,0.27,3.199%,1258228866.00,,2018,519565,Basic Industries,Precious Metals
SIM,Grupo Simec S.A.B. de C.V. American Depositary Shares,$13.25,1.08,8.874%,2198215691.00,Mexico,1993,4595,Basic Industries,Steel/Iron Ore
SMTS,Sierra Metals Inc. Common Stock,$2.85,-0.15,-5.00%,464010076.00,,,432595,Basic Industries,Precious Metals
SNMP,Evolve Transition Infrastructure LP Common Stock,$0.92,-0.07,-7.071%,51690548.00,United States,,287841,Energy,Oil & Gas Production
SSY,SunLink Health Systems Inc. Common Stock,$2.09,-0.23,-9.914%,14419581.00,United States,,282209,Health Care,Hospital/Nursing Management
STXS,Stereotaxis Inc. Common Stock,$8.18,-0.15,-1.801%,603346281.00,United States,,551490,Health Care,Biotechnology: Electromedical & Electrotherapeutic Apparatus
SVM,Silvercorp Metals Inc. Common Shares,$5.39,0.13,2.471%,945180763.00,,,825505,Basic Industries,Precious Metals
SVT,Servotronics Inc. Common Stock,$8.249,-0.041,-0.495%,20527034.00,United States,,2960,Capital Goods,Industrial Machinery/Components
SYN,Synthetic Biologics Inc. Common Stock,$0.5981,-0.0041,-0.681%,77546401.00,United States,,2787988,Health Care,Major Pharmaceuticals
TGB,Taseko Mines Ltd. Common Stock,$1.73,0.01,0.581%,489792452.00,Canada,,1743417,Basic Industries,Precious Metals
THM,International Tower Hill Mines Ltd. Ordinary Shares (Canada),$1.20,-0.05,-4.00%,233889821.00,Canada,,121505,Basic Industries,Precious Metals
TKAT,Takung Art Co. Ltd. Common Stock,$23.81,-2.60,-9.845%,268371534.00,,,610323,Consumer Services,Other Specialty Stores
TMBR,Timber Pharmaceuticals Inc. Common Stock,$1.89,0.00,0.00%,69633355.00,United States,2015,921718,Health Care,Major Pharmaceuticals
TMP,Tompkins Financial Corporation Common Stock,$79.21,-1.53,-1.895%,1180761608.00,United States,,29012,Finance,Major Banks
TMQ,Trilogy Metals Inc. Common Stock,$2.25,-0.06,-2.597%,324658742.00,Canada,,160164,Basic Industries,Precious Metals
TPHS,Trinity Place Holdings Inc. Common Stock,$2.16,0.09,4.348%,70076092.00,,,48520,Consumer Services,Building operators
TRT,Trio-Tech International Common Stock,$4.40,-0.19,-4.139%,16326442.00,United States,,22109,Technology,Industrial Machinery/Components
TRX,Tanzanian Gold Corporation Common Stock,$0.5651,-0.0037,-0.65%,141616453.00,Canada,,1198348,Basic Industries,Precious Metals
UAMY,United States Antimony Corporation Common Stock,$1.05,0.00,0.00%,107940105.00,United States,,2619505,Capital Goods,Metal Fabrications
UAVS,AgEagle Aerial Systems Inc. Common Stock,$5.91,0.05,0.853%,369291167.00,United States,,2547849,Capital Goods,Aerospace
UEC,Uranium Energy Corp. Common Stock,$2.81,-0.04,-1.404%,637553535.00,Canada,,4761492,Basic Industries,Precious Metals
UFAB,Unique Fabricating Inc. Common Stock,$5.25,-0.13,-2.416%,51340522.00,United States,2015,5122,Capital Goods,Auto Parts:O.E.M.
URG,Ur Energy Inc Common Shares (Canada),$1.10,-0.05,-4.348%,207758430.00,Canada,,2156133,Basic Industries,Precious Metals
USAS,Americas Gold and Silver Corporation Common Shares no par value,$2.20,0.03,1.382%,292691192.00,,2017,437110,Basic Industries,Precious Metals
UTG,Reaves Utility Income Fund Common Shares of Beneficial Interest,$34.57,0.46,1.349%,1925443216.00,United States,2004,249997,,
UUU,Universal Security Instruments Inc. Common Stock,$7.46,0.20,2.755%,17254137.00,United States,,852588,Technology,Electronic Components
UUUU,Energy Fuels Inc Ordinary Shares (Canada),$5.77,-0.20,-3.35%,812511182.00,,,2988982,Basic Industries,Mining & Quarrying of Nonmetallic Minerals (No Fuels)
VCF,Delaware Investments Colorado Municipal Income Fund Inc  Common Stock,$14.34,-0.25,-1.714%,69364014.00,United States,1993,17428,,
VFL,Delaware Investments National Municipal Income Fund Common Stock,$13.35,0.00,0.00%,60454714.00,United States,1993,31,,
VGZ,Vista Gold Corp Common Stock,$1.08,0.00,0.00%,112102837.00,United States,,154783,Basic Industries,Precious Metals
VHAQ,Viveon Health Acquisition Corp. Common Stock,$9.98,0.00,0.00%,251059375.00,,2021,5662,Finance,Business Services
VKI,Invesco Advantage Municipal Income Trust II Common Shares of Beneficial Interest (DE),$11.99,0.1189,1.002%,532254696.00,United States,,208763,,
VMM,Delaware Investments Minnesota Municipal Income Fund II Inc. Common Stock,$13.35,-0.03,-0.224%,153591416.00,United States,1993,2484,,
VNRX,VolitionRX Limited Common Stock,$3.44,-0.03,-0.865%,181875920.00,Singapore,2015,124347,Health Care,Biotechnology: In Vitro & In Vivo Diagnostic Substances
VOLT,Volt Information Sciences Inc. Common Stock,$4.15,-0.05,-1.19%,90206786.00,United States,,107399,Technology,Professional Services
WLMS,Williams Industrial Services Group Inc. Common Stock,$4.06,0.20,5.181%,103869883.00,,2021,224927,Basic Industries,Military/Government/Technical
WRN,Western Copper and Gold Corporation Common Stock,$1.25,-0.02,-1.575%,169747044.00,Canada,2011,153482,Basic Industries,Precious Metals
WTT,Wireless Telecom Group  Inc. Common Stock,$1.77,0.00,0.00%,38338763.00,United States,,36303,Capital Goods,Telecommunications Equipment
WWR,Westwater Resources Inc. Common Stock,$4.93,0.02,0.407%,159418033.00,United States,,1302262,Basic Industries,Precious Metals
WYY,WidePoint Corporation Common Stock,$8.63,-0.35,-3.898%,77624270.00,United States,,71536,Technology,EDP Services
XPL,Solitario Zinc Corp. Common Stock,$0.72,-0.0326,-4.332%,42032964.00,United States,,1222371,Basic Industries,Precious Metals
XTNT,Xtant Medical Holdings Inc. Common Stock,$2.46,0.14,6.034%,213299924.00,United States,,1339793,Health Care,Biotechnology: Biological Products (No Diagnostic Substances)
XXII,22nd Century Group Inc. Common Stock,$3.46,-0.02,-0.575%,527295353.00,United States,,1426529,Consumer Non-Durables,Farming/Seeds/Milling
YCBD,cbdMD Inc. Common Stock,$3.61,-0.06,-1.635%,200844635.00,United States,2017,256053,Consumer Non-Durables,Package Goods/Cosmetics
YCBD^A,cbdMD Inc. 8.0% Series A Cumulative Convertible Preferred Stock,$8.80,0.02,0.228%,,United States,,16517,,
ZDGE,Zedge Inc. Class B Common Stock ,$14.13,-0.05,-0.353%,191202935.00,,2016,424630,Technology,Computer Software: Prepackaged Software
ZOM,Zomedica Corp. Common Shares,$1.00,-0.12,-10.714%,972017308.00,United States,2017,124729649,Health Care,Major Pharmaceuticals
